SNAPSHOT_DATE,JANCODE,PRODUCT_NAME,MAKER_NAME,STOCK_QTY,UNIT_PRICE,STOCK_AMOUNT,STOCK_STATUS
2026-02-24,4902806450057,Ban デオドラントパウダースプレー せっけん 135g,ライオン,67,598,40066,通常
2026-02-24,4902806450040,Ban デオドラントパウダースプレー 無香料 135g,ライオン,48,598,28704,通常
2026-02-24,4902806450026,Ban ニオイブロックロールオン せっけん 40ml,ライオン,51,498,25398,通常
2026-02-24,4902806450071,Ban プレミアムゴールドラベル 40ml,ライオン,42,698,29316,通常
2026-02-24,4902806450064,Ban 汗ブロックスティック 無香料 20g,ライオン,97,498,48306,通常
2026-02-24,4902806450019,Ban 汗ブロックロールオン プレミアムラベル 40ml,ライオン,40,498,19920,通常
2026-02-24,4902806450033,Ban 爽感さっぱりシャワーシート 36枚,ライオン,61,398,24278,通常
2026-02-24,4902806460029,のどぬ〜る ぬれマスク 就寝用 ハーブ&ユーカリ 3組,ライオン,180,398,71640,通常
2026-02-24,4902806460012,のどぬ〜る ぬれマスク 就寝用 無香料 3組,ライオン,231,398,91938,通常
2026-02-24,4902806460036,のどぬ〜る ぬれマスク 昼夜兼用 ハーブ&ユーカリ 3組,ライオン,255,398,101490,通常
2026-02-24,4902806460043,のどぬ〜るスプレー 15ml,ライオン,0,698,0,欠品
2026-02-24,4902806460050,のどぬ〜るスプレー 長いノズル 15ml,ライオン,183,698,127734,通常
2026-02-24,4987072550029,のどぬ〜る ぬれマスク 3枚,小林製薬,3,398,1194,残少
2026-02-24,4987072550012,のどぬ〜る マスク 就寝用 3枚,小林製薬,261,398,103878,通常
2026-02-24,4902806440010,キレイキレイ 薬用ハンドジェル 230ml,ライオン,1068,348,371664,通常
2026-02-24,4902806440027,キレイキレイ 薬用泡ハンドソープ 250ml,ライオン,1052,298,313496,通常
2026-02-24,4902806440034,キレイキレイ 薬用泡ハンドソープ 詰替 200ml,ライオン,804,198,159192,通常
2026-02-24,4902806480028,クリニカ ハミガキ フレッシュミント 130g,ライオン,382,328,125296,通常
2026-02-24,4902806480011,クリニカ ハミガキ マイルドミント 130g,ライオン,615,328,201720,通常
2026-02-24,4902806480035,システマ ハグキプラス ハミガキ 90g,ライオン,420,548,230160,通常
2026-02-24,4902806130024,冷えピタ こども用 16枚,ライオン,117,498,58266,通常
2026-02-24,4902806130055,冷えピタ ストロング 12枚,ライオン,189,398,75222,通常
2026-02-24,4902806130048,冷えピタ 大人用 12枚,ライオン,154,398,61292,通常
2026-02-24,4902806130017,冷えピタ 大人用 16枚,ライオン,312,498,155376,通常
2026-02-24,4902806130031,冷えピタ 赤ちゃん用 12枚,ライオン,152,398,60496,通常
2026-02-24,4987067250028,スキンアクア スーパーモイスチャージェル 110g,ロート製薬,18,898,16164,残少
2026-02-24,4987067250059,スキンアクア スーパーモイスチャーミルク 40ml,ロート製薬,17,798,13566,残少
2026-02-24,4987067250011,スキンアクア トーンアップUVエッセンス 80g,ロート製薬,3,898,2694,残少
2026-02-24,4987067250035,スキンアクア ネクスタ シールドセラムUVミルク 50ml,ロート製薬,24,798,19152,通常
2026-02-24,4987067250042,スキンアクア 透明感アップ トーンアップUVエッセンス 80g,ロート製薬,16,898,14368,残少
2026-02-24,4987241150014,アイボン AL 500ml,小林製薬,555,698,387390,通常
2026-02-24,4987241150021,アイボン うるおいケア 500ml,小林製薬,366,698,255468,通常
2026-02-24,4987241150038,アイボン とろ〜りWモイスト 500ml,小林製薬,435,698,303630,通常
2026-02-24,4987241150045,アイボン クール 500ml,小林製薬,454,698,316892,通常
2026-02-24,4987072570010,サワデー 香るスティック パルファム ノアール 70ml,小林製薬,387,498,192726,通常
2026-02-24,4987072570027,サワデー 香るスティック パルファム ブラン 70ml,小林製薬,287,498,142926,通常
2026-02-24,4987072560028,ハナノア シャワータイプ 300ml,小林製薬,397,898,356506,通常
2026-02-24,4987072560035,ハナノア 専用洗浄液 500ml,小林製薬,441,798,351918,通常
2026-02-24,4987072560011,ハナノア 鼻うがい 300ml,小林製薬,404,898,362792,通常
2026-02-24,4901548160068,桐灰カイロ くつ下用 貼る 15足入,小林製薬,601,698,419498,通常
2026-02-24,4901548160075,桐灰カイロ くつ用 貼る 5足入,小林製薬,0,498,0,欠品
2026-02-24,4901548160051,桐灰カイロ マグマ 貼る 10個入,小林製薬,10,598,5980,残少
2026-02-24,4901548160037,桐灰カイロ 貼らないタイプ レギュラー 30個入,小林製薬,954,998,952092,通常
2026-02-24,4901548160020,桐灰カイロ 貼るタイプ ミニ 30個入,小林製薬,526,998,524948,通常
2026-02-24,4901548160013,桐灰カイロ 貼るタイプ レギュラー 30個入,小林製薬,15,998,14970,残少
2026-02-24,4987123700023,熱さまシート こども用 16枚,小林製薬,194,498,96612,通常
2026-02-24,4987123700047,熱さまシート ストロング 12枚,小林製薬,214,398,85172,通常
2026-02-24,4987123700054,熱さまシート 大人用 12枚,小林製薬,144,398,57312,通常
2026-02-24,4987123700016,熱さまシート 大人用 16枚,小林製薬,167,498,83166,通常
2026-02-24,4987123700030,熱さまシート 赤ちゃん用 12枚,小林製薬,161,398,64078,通常
2026-02-24,4901301350138,8×4 パウダースプレー せっけん 150g,花王,53,598,31694,通常
2026-02-24,4901301350121,8×4 パウダースプレー 無香料 150g,花王,60,598,35880,通常
2026-02-24,4901301350152,8×4 ボディフレッシュ 無香料 150ml,花王,63,548,34524,通常
2026-02-24,4901301350169,8×4 メン デオドラントスプレー 135g,花王,67,598,40066,通常
2026-02-24,4901301350145,8×4 ロールオン 無香料 45ml,花王,54,498,26892,通常
